SampleID,SwabID,Sample_Date,Location,Lat,Lon,Species,Sp_Abv,TTX_nmol_mg,TTX_mg,mass_g,svl_mm,sex,breeding_condition,DateDNAExtracted,zoospore_estimates,Log_bd,infected,ReadCount,observed_features,faith_pd,shannon_entropy,pielou_evenness,ExpShannon,antifungal_ASVs,antifungal_reads,Propor_TotalAntiFungal,TTX_Richness,TotalTTX,Propor_TotalTTX,TTX_Real,TTX_RelativeAbundance,Notes
FCSP-01,Swab,06/12/21,FCSP,46.256075,-123.917127,Taricha_granulosa,Tg,NA,0.089,21,86.7,M,,,0,0,0,7653,76,6.33584031414216,4.96394590414125,0.79449479742849,NA,36,1145,0.149614530249575,1,10,0.00454545454545455,Low,0.161864681126578,Pooped in mucosome bath
FCSP-02,Swab,06/12/21,FCSP,46.256075,-123.917127,Taricha_granulosa,Tg,NA,0.117,19,84,M,,,0,0,0,5607,86,8.33564942814132,4.73217833134077,0.736380854504669,NA,62,3544,0.632067059033351,1,10,0.00454545454545455,Low,0.130667712008363,NA
FCSP-03,Swab,06/12/21,FCSP,46.256075,-123.917127,Taricha_granulosa,Tg,NA,0.061,14,75.1,M,,,0,0,0,4381,30,4.50119668024547,2.89498410281911,0.589983421560286,NA,34,2145,0.489614243323442,1,4,0.00181818181818182,Low,0.10365379632029,NA
FCSP-04,Swab,06/12/21,FCSP,46.256075,-123.917127,Taricha_granulosa,Tg,NA,0.198,16,75.1,F,,,0,0,0,9623,146,10.1586435119603,5.07570184949218,0.705956286961589,NA,79,4173,0.433648550348124,3,50,0.0227272727272727,Low,0.347753512310474,NA
FCSP-05,Swab,06/12/21,FCSP,46.256075,-123.917127,Taricha_granulosa,Tg,NA,NA,10,77.7,F,,,0,0,0,7598,31,3.70201270365055,2.46099685947095,0.496749968165627,NA,NA,NA,NA,NA,NA,NA,NA,NA,Red circular markings on a patch of skin with lack of pigmentation on right forelimb on the ventrum. See photos. Newt was too emaciated to comfortably biopsy.
FCSP-06,Swab,06/12/21,FCSP,46.256075,-123.917127,Taricha_granulosa,Tg,NA,0.355,19,78.3,M,,,0,0,0,4718,70,6.95533453811152,4.32203165204257,0.705144735541485,NA,67,2810,0.59559135226791,0,0,0,Low,0,NA
FCSP-07,Swab,06/12/21,FCSP,46.256075,-123.917127,Taricha_granulosa,Tg,NA,0.136,15,68,M,,,0,0,0,5336,134,9.6025914519339,5.89887210842045,0.8348142727078,NA,89,4972,0.931784107946027,2,68,0.0309090909090909,Low,2.05004522158577,Odd black circular
FCSP-08,Swab,06/12/21,FCSP,46.256075,-123.917127,Taricha_granulosa,Tg,NA,0.097,15,73.8,F,,,0,0,0,NA,NA,NA,NA,NA,NA,NA,NA,NA,NA,NA,NA,Low,NA,
FCSP-09,Swab,06/12/21,FCSP,46.256075,-123.917127,Taricha_granulosa,Tg,NA,0.187,15,75,M,,,0,0,0,1066,NA,NA,NA,NA,NA,NA,NA,NA,NA,NA,NA,Low,NA,
GRP-01,Swab,06/05/21,GRP,44.640211,-123.28802,Taricha_granulosa,Tg,NA,1.656,14,75.8,F,,,0,0,0,10603,89,6.86224835239534,4.2170131124942,0.651202393898552,NA,51,6881,0.648967273413185,3,118,0.0536363636363636,High,1.0562119584676,NA
GRP-02,Swab,06/05/21,GRP,44.640211,-123.28802,Taricha_granulosa,Tg,NA,6.245,17,77.8,M,,,0,0,0,6019,97,8.44455219903637,4.79363074830878,0.726317280687033,NA,43,1850,0.307360026582489,4,61,0.0277272727272727,High,2.20137134608445,NA
GRP-03,Swab,06/05/21,GRP,44.640211,-123.28802,Taricha_granulosa,Tg,NA,2.283,13,75,M,,,0,0,0,23303,65,5.27664062700444,3.94394349699374,0.654882534484465,NA,46,7158,0.30717075054714,4,1871,0.850454545454545,High,34.7963548447089,NA
GRP-04,Swab,06/05/21,GRP,44.640211,-123.28802,Taricha_granulosa,Tg,NA,4.764,15,81.7,M,,,0,0,0,9867,60,5.74216256476393,3.97446788623532,0.672852801639858,NA,52,2866,0.290463160028377,4,654,0.297272727272727,High,2.10323203087313,NA
GRP-05,Swab,06/05/21,GRP,44.640211,-123.28802,Taricha_granulosa,Tg,NA,4.328,16,77.3,M,,,1140,3.05728564441821,1,3205,43,4.36600067862253,4.21841814581743,0.777407357826024,NA,26,1974,0.61591263650546,1,3,0.00136363636363636,High,0.00911992704058368,NA
GRP-06,Swab,06/05/21,GRP,44.640211,-123.28802,Taricha_granulosa,Tg,NA,5.355,14,74.3,M,,,0,0,0,13743,53,5.93952290924904,2.31650894400359,0.404424077181121,NA,38,1970,0.143345703267118,1,10,0.00454545454545455,High,0.140785583556244,NA
GRP-07,Swab,06/05/21,GRP,44.640211,-123.28802,Taricha_granulosa,Tg,NA,4.871,17,79.6,F,,,399,2.60205999132796,1,5964,99,9.44212139659965,4.98755256702604,0.752343380037707,NA,73,3295,0.552481556002683,4,95,0.0431818181818182,High,2.16845469070988,Shedding Skin
GRP-08,Swab,06/05/21,GRP,44.640211,-123.28802,Taricha_granulosa,Tg,NA,5.694,15,78.4,F,,,5020,3.70079022137435,1,5052,89,8.31079444298018,4.88542097254692,0.754419715485084,NA,63,4130,0.817498020585906,3,9,0.00409090909090909,High,0.0935259274654474,NA
GRP-09,Swab,06/05/21,GRP,44.640211,-123.28802,Taricha_granulosa,Tg,NA,5.329,15,78.2,M,,,1110,3.04571405894087,1,6178,92,9.07159365084647,4.8891085638951,0.749453840835473,NA,60,1835,0.297021689867271,2,19,0.00863636363636364,High,0.203840789614848,NA
GRP-10,Swab,06/05/21,GRP,44.640211,-123.28802,Taricha_granulosa,Tg,NA,6.689,18,85,M,,,1880,3.27438879555038,1,3859,38,4.27798427458038,3.26849427284011,0.622816200198503,NA,18,3501,0.90722985229334,0,0,0,High,0,NA
GRP-11,Swab,06/05/21,GRP,44.640211,-123.28802,Taricha_granulosa,Tg,NA,4.623,17,79.4,M,,,0,0,0,6379,85,9.17444309470079,4.28360922213131,0.668333272975952,NA,40,2228,0.349271045618435,1,5,0.00227272727272727,High,0.0471564651513722,NA
GRP-12,Swab,06/05/21,GRP,44.640211,-123.28802,Taricha_granulosa,Tg,NA,4.123,16,74.4,M,,,268,2.42975228000241,1,16227,29,4.84991728379578,1.47401227579642,0.303420757980489,NA,27,1672,0.103038146299378,2,4,0.00181818181818182,High,0.190294957183635,NA
GRP-13,Swab,06/05/21,GRP,44.640211,-123.28802,Taricha_granulosa,Tg,NA,4.055,11,79.3,M,,,0,0,0,6185,89,8.67712517075699,5.03472945288304,0.777476328597375,NA,51,3445,0.556992724333064,1,8,0.00363636363636364,High,0.0296901094822787,NA
GRP-14,Swab,06/05/21,GRP,44.640211,-123.28802,Taricha_granulosa,Tg,NA,5.591,16,82.2,M,,,1100,3.04178731897175,1,3820,52,5.86607073716027,4.48061030892942,0.786011348329905,NA,35,1793,0.469371727748691,1,9,0.00409090909090909,High,0.172811059907834,NA
GRP-15,Swab,06/05/21,GRP,44.640211,-123.28802,Taricha_granulosa,Tg,NA,5.289,15,76,M,,,636,2.80413943233535,1,14766,65,6.39133960525385,3.64950396025574,0.60599154245621,NA,31,7540,0.51063253420019,2,7,0.00318181818181818,High,0.204022150976392,NA
GRP-16,Swab,06/05/21,GRP,44.640211,-123.28802,Taricha_granulosa,Tg,NA,3.698,12,72.9,M,,,4500,3.65330901293848,1,5377,42,5.4292999340563,3.18863274631747,0.591328828834841,NA,25,1788,0.332527431653338,1,4,0.00181818181818182,High,0.0422520333791064,Short tail (regrowing)
GRP-17,Swab,06/05/21,GRP,44.640211,-123.28802,Taricha_granulosa,Tg,NA,5.271,19,82.9,M,,,3190,3.50392680419351,1,5456,39,4.18041869562103,3.62517278277406,0.685883993811625,NA,31,3171,0.581195014662757,1,1,0.000454545454545455,High,0.00701902154839615,Short tail (regrowing)
GRP-18,Swab,06/05/21,GRP,44.640211,-123.28802,Taricha_granulosa,Tg,NA,4.117,14,76.9,M,,,0,0,0,3671,51,5.21226448076106,4.31022407305525,0.7598555843764,NA,33,2548,0.694088804140561,1,22,0.01,High,0.368879946344735,NA
GRP-19,Swab,06/05/21,GRP,44.640211,-123.28802,Taricha_granulosa,Tg,NA,6.718,22,87.3,M,,,0,0,0,5091,33,4.10952058103953,2.8597536701905,0.566917176280073,NA,24,4830,0.948733058338244,1,1,0.000454545454545455,High,0.026638252530634,NA
GRP-20,Swab,06/05/21,GRP,44.640211,-123.28802,Taricha_granulosa,Tg,NA,4.064,12,72.1,F,,,0,0,0,8235,40,5.41393848951111,2.27044241140876,0.426620272000652,NA,29,1255,0.152398299939284,1,30,0.0136363636363636,High,0.304043782304652,NA
GRP-21,Swab,06/05/21,GRP,44.640211,-123.28802,Taricha_granulosa,Tg,NA,6.555,20,84,M,,,0,0,0,10746,35,3.95928022352382,2.35183945482917,0.458512319764711,NA,29,12573,1.17001675041876,2,11,0.005,High,0.22,NA
GRP-22,Swab,06/05/21,GRP,44.640211,-123.28802,Taricha_granulosa,Tg,NA,5.878,17,81.7,M,,,2000,3.30124708863621,1,4609,47,4.18216939693843,4.14987187245751,0.747106938653818,NA,34,3992,0.866131481883272,0,0,0,High,0,NA
GRP-23,Swab,06/05/21,GRP,44.640211,-123.28802,Taricha_granulosa,Tg,NA,5.303,17,87,F,,,813,2.9106244048892,1,5609,96,8.91896689760517,5.33306328040311,0.809885140548493,NA,40,1512,0.269566767694776,1,2,0.000909090909090909,High,0.0374812593703148,NA
GRP-24,Swab,06/05/21,GRP,44.640211,-123.28802,Taricha_granulosa,Tg,NA,5.17,15,78.7,M,,,4180,3.62128016755041,1,5000,39,4.95810299272534,3.50431921485494,0.66301845531243,NA,26,1908,0.3816,1,2,0.000909090909090909,High,0.0306748466257669,NA
GRP-25,Swab,06/05/21,GRP,44.640211,-123.28802,Taricha_granulosa,Tg,NA,4.908,14,77.6,M,,,602,2.78031731214015,1,13840,102,8.74433527775921,4.86472391003102,0.729078807286235,NA,49,7278,0.525867052023121,2,7,0.00318181818181818,High,0.0285167230211431,NA
LSSP-01,Swab,05/24/21,LSSP,47.002435,-123.589958,Taricha_granulosa,Tg,NA,0.119,11,72.1,M,,,0,0,0,6520,40,2.64273144261074,2.96851174933465,0.557788774370406,NA,35,6523,1.00046012269939,3,254,0.115454545454545,Low,2.34533702677747,NA
LSSP-02,Swab,05/24/21,LSSP,47.002435,-123.589958,Taricha_granulosa,Tg,NA,0.598,15,80.3,F,,,0,0,0,5867,46,4.19673418441857,2.72673372450776,0.493654954212595,NA,53,5671,0.966592807226862,4,90,0.0409090909090909,Low,0.554631170271769,Shedding skin
LSSP-03,Swab,05/24/21,LSSP,47.002435,-123.589958,Taricha_granulosa,Tg,NA,0.6,14,77.2,M,,,0,0,0,3431,42,2.68171785625873,3.94836671908926,0.732220752140847,NA,39,3121,0.909647333139027,1,28,0.0127272727272727,Low,0.0783830692570405,NA
LSSP-04,Swab,05/24/21,LSSP,47.002435,-123.589958,Taricha_granulosa,Tg,NA,0.34,16,77.4,M,,,0,0,0,9467,57,5.30565541763781,3.39550183609798,0.582130269532299,NA,27,6949,0.734023449878525,1,2,0.000909090909090909,Low,0.00858258593314166,Odd speckling (took photo)
LSSP-05,Swab,05/24/21,LSSP,47.002435,-123.589958,Taricha_granulosa,Tg,NA,0.203,17,82.8,M,,,0,0,0,5208,82,7.101203203414,4.84692250098552,0.7623881798316,NA,48,1658,0.318356374807988,4,253,0.115,Low,4.84581497797357,NA
LSSP-06,Swab,05/24/21,LSSP,47.002435,-123.589958,Taricha_granulosa,Tg,NA,0.158,12,73,F,,,0,0,0,5557,65,5.31450128286542,4.20705767760828,0.698572024861544,NA,60,3535,0.636134605002699,2,16,0.00727272727272727,Low,0.358583594800538,NA
LSSP-07,Swab,05/24/21,LSSP,47.002435,-123.589958,Taricha_granulosa,Tg,NA,0.185,14,79.2,M,,,0,0,0,4754,94,7.00933254645759,5.23226820897126,0.79826032225226,NA,67,3282,0.69036600757257,2,20,0.00909090909090909,Low,0.158277936055714,NA
LSSP-08,Swab,05/24/21,LSSP,47.002435,-123.589958,Taricha_granulosa,Tg,NA,0.217,17,82.3,M,,,0,0,0,4481,78,6.95155338493782,4.91357374348764,0.781743724966748,NA,51,3616,0.80696273153314,2,43,0.0195454545454545,Low,0.291683625016958,NA
LSSP-09,Swab,05/24/21,LSSP,47.002435,-123.589958,Taricha_granulosa,Tg,NA,0.158,11,70.7,F,,,0,0,0,3317,98,7.29615173543255,6.07963237422716,0.919107945397774,NA,70,2005,0.604461863129334,1,12,0.00545454545454545,Low,0.213941879122838,Odd speckling (took photo)
LSSP-10,Swab,05/24/21,LSSP,47.002435,-123.589958,Taricha_granulosa,Tg,NA,0.411,12,70,M,,,0,0,0,5841,56,5.75216384526641,3.6901208827089,0.63542196615072,NA,50,1449,0.248073959938367,3,161,0.0731818181818182,Low,0.692741276192935,NA
SLNF-01,Swab,05/24/22,LSSP,44.21835,-121.89018,Taricha_granulosa,Tg,NA,0.583,8,68,M,,,17400,4.24057420701838,1,2102,NA,NA,NA,NA,NA,NA,NA,NA,NA,NA,NA,Low,NA,
SLNF-02,Swab,07/15/21,SLNF,44.21835,-121.89018,Taricha_granulosa,Tg,NA,0.359,10,69.2,F,,,1700,3.23070431361257,1,6671,47,5.49864065400834,3.66937548387147,0.660602536362923,NA,32,3475,0.52091140758507,1,2,0.000909090909090909,Low,0.0359906424329674,Potent smell and more than usual foam
SLNF-03,Swab,07/15/21,SLNF,44.21835,-121.89018,Taricha_granulosa,Tg,NA,0.284,19,79,M,,,0,0,0,4905,56,5.74248727013173,4.24207280988257,0.730465567683877,NA,25,1896,0.386544342507645,1,4,0.00181818181818182,Low,0.100755667506297,Dropped most of first mucosome bath; Potent smell and more than usual foam
SLNF-04,Swab,07/15/22,SLNF,45.21835,-120.89018,Taricha_granulosa,Tg,NA,0.503,9,70,F,,,0,0,0,NA,NA,NA,NA,NA,NA,NA,NA,NA,NA,NA,NA,Low,NA,
SLNF-05,Swab,07/15/21,SLNF,44.21835,-121.89018,Taricha_granulosa,Tg,NA,0.255,8,68.2,F,,,0,0,0,10659,61,6.30631003448457,3.81194291811311,0.642743507450551,NA,54,7885,0.739750445632799,1,32,0.0145454545454545,Low,0.303605313092979,NA
SLNF-06,Swab,07/15/21,SLNF,44.21835,-121.89018,Taricha_granulosa,Tg,NA,0.307,12,78,M,,,785,2.89542254603941,1,7103,45,5.84281580386835,3.04584395121988,0.55461133023669,NA,28,3559,0.501055891876672,1,4,0.00181818181818182,Low,0.0163532297628782,NA
SLNF-07,Swab,07/15/21,SLNF,44.21835,-121.89018,Taricha_granulosa,Tg,NA,1.592,8,65.6,F,,,0,0,0,8216,81,9.07353205637185,4.02912468766628,0.63552366157449,NA,29,1305,0.158836416747809,1,6,0.00272727272727273,High,0.117855038302887,Used 3mm biopsy punch instead of 5mm due to small size
SLNF-08,Swab,07/15/21,SLNF,44.21835,-121.89018,Taricha_granulosa,Tg,NA,0.11,14,78.7,M,,,0,0,0,3698,46,3.99416154140056,4.31013286169178,0.780317645747665,NA,35,1878,0.507842076798269,1,5,0.00227272727272727,Low,0.15600624024961,Short tail (regrowing)
SLNF-09,Swab,07/15/21,SLNF,44.21835,-121.89018,Taricha_granulosa,Tg,NA,1.124,7,66.2,F,,,815,2.91169015875386,1,3157,34,4.58006676066714,2.63416600526215,0.517775969566542,NA,31,773,0.244852708267342,1,2,0.000909090909090909,High,0.00121653761230163,Used 3mm biopsy punch instead of 5mm due to small size
SLNF-10,Swab,07/15/22,SLNF,45.21835,-120.89018,Taricha_granulosa,Tg,NA,0.622,11,77.8,F,,,0,0,0,1450,NA,NA,NA,NA,NA,NA,NA,NA,NA,NA,NA,Low,NA,
TMC-01,Swab,06/21/21,TMC,44.10186,-124.06072,Taricha_granulosa,Tg,NA,0.825,11,67,F,,,0,0,0,3970,86,6.74889332944178,5.52912745074593,0.860395215852298,NA,67,2637,0.664231738035265,1,12,0.00545454545454545,Low,0.214018191546281,NA
TMC-02,Swab,06/21/21,TMC,44.10186,-124.06072,Taricha_granulosa,Tg,NA,4.107,14,69.4,M,,,0,0,0,3634,39,3.55558228366408,4.07668279605857,0.771309850650521,NA,35,3187,0.876995046780407,2,123,0.0559090909090909,High,3.21989528795812,NA
TMC-03,Swab,06/21/22,TMC,44.10186,-124.06072,Taricha_granulosa,Tg,NA,0.497,13,67,M,,,0,0,0,1564,NA,NA,NA,NA,NA,NA,NA,NA,NA,NA,NA,Low,NA,
TMC-04,Swab,06/21/21,TMC,44.10186,-124.06072,Taricha_granulosa,Tg,NA,0.375,12,76.9,M,,,277,2.44404479591808,1,5221,112,6.02550801444875,5.89045144805337,0.865306938671109,NA,52,2394,0.458532848113388,2,3,0.00136363636363636,Low,0.0811249323958897,NA
TMC-05,Swab,06/21/21,TMC,44.10186,-124.06072,Taricha_granulosa,Tg,NA,4.237,16,80.9,M,,,0,0,0,6202,60,5.89282313558783,4.52041585037046,0.765278411239099,NA,26,1988,0.320541760722348,2,4,0.00181818181818182,High,0.0247632018820033,NA
TMC-06,Swab,06/21/21,TMC,44.10186,-124.06072,Taricha_granulosa,Tg,NA,4.397,15,81.4,F,,,2950,3.46996920949996,1,10540,71,6.14405280486255,4.67023976284037,0.759419805739349,NA,42,1874,0.177798861480076,1,3,0.00136363636363636,High,0.0216763005780347,NA
TMC-07,Swab,06/21/21,TMC,44.10186,-124.06072,Taricha_granulosa,Tg,NA,0.503,14,75.3,M,,,0,0,0,2771,46,4.45020056920282,4.03398001899622,0.730322217997872,NA,27,593,0.214002165283291,1,4,0.00181818181818182,Low,0.0329407889318949,NA
TMC-08,Swab,06/21/21,TMC,44.10186,-124.06072,Taricha_granulosa,Tg,NA,0.548,20,83.9,M,,,557,2.74663419893758,1,4462,50,4.92463961052567,3.95869189413958,0.701416152543319,NA,35,1329,0.297848498431197,1,1,0.000454545454545455,Low,0.0216966804078976,NA
TMC-09,Swab,06/21/21,TMC,44.10186,-124.06072,Taricha_granulosa,Tg,NA,3.926,13,79.2,M,,,891,2.95036485437612,1,12636,113,8.47300684600509,5.26168555080908,0.771487900802208,NA,45,5834,0.461696739474517,2,26,0.0118181818181818,High,0.407587396143596,NA
TMC-10,Swab,06/21/21,TMC,44.10186,-124.06072,Taricha_granulosa,Tg,NA,4.583,15,79.8,M,,,0,0,0,3754,112,6.07945080543766,5.88834015790168,0.864996790283686,NA,76,3453,0.919818859882792,3,29,0.0131818181818182,High,0.481807609237415,NA
TMC-11,Swab,06/21/21,TMC,44.10186,-124.06072,Taricha_granulosa,Tg,NA,5.59,18,77.7,M,,,0,0,0,12143,97,9.26342288711703,5.19476756641787,0.787096389093585,NA,32,1762,0.145104175244997,2,5,0.00227272727272727,High,0.0916422287390029,Lethargic prior to the MS-222 anesthetization
Tt.10A1,10A1,2/19/20,Madonna,37.003992,-121.681136,Taricha_torosa,Tt,0.16666651,0.122752158,20.04,68.93,M,aquatic,1/10/22,0,0,0,6128,122,11.28516918,2.652663013,0.382738933,14.19178127,18,205,0.0334530026109661,1,2,0.000526,Low,0.0163185378590078,
Tt.10A2,10A2,2/20/20,Muir,37.862,-122.573239,Taricha_torosa,Tt,1.057675309,0.603085706,25.39,72.83,M,aquatic,1/9/22,0,0,0,10169,72,6.802486666,2.31037727,0.374457918,10.07822615,19,376,0.0369751204641558,1,3,0.000789,Low,0.00983380863408398,
Tt.10B1,10B1,2/19/20,Madonna,37.003992,-121.681136,Taricha_torosa,Tt,0.323943854,0.428018578,22.2,79.54,M,aquatic,1/10/22,0,0,0,0,NA,NA,NA,NA,NA,NA,NA,NA,NA,NA,NA,Low,NA,
Tt.10B2,10B2,2/20/20,Muir,37.862,-122.573239,Taricha_torosa,Tt,5.53710409,2.615774881,29.16,69.55,M,aquatic,1/9/22,0,0,0,10407,134,12.59477183,2.429803697,0.343868246,11.35665251,21,432,0.0415105217641972,4,5,0.001315789,High,0.0384356683001826,
Tt.10C1,10C1,2/19/20,Madonna,37.003992,-121.681136,Taricha_torosa,Tt,1.121919759,1.563532743,22.34,73.33,M,aquatic,1/10/22,0,0,0,9383,5,0.712613991,0.763756356,0.328931959,2.146323452,2,43,0.00458275604817223,0,0,0,High,0,
Tt.10C2,10C2,2/20/20,Crocker,38.770492,-122.970651,Taricha_torosa,Tt,8.546336737,8.576157362,11.64,65.33,M,terrestrial,1/9/22,0,0,0,11372,66,5.103508674,2.642032702,0.437104638,14.04171725,29,3444,0.302849103060148,4,60,0.015789474,High,0.0351741118536757,This male was possibly a T. granulosa
Tt.10D1,10D1,2/19/20,Madonna,37.003992,-121.681136,Taricha_torosa,Tt,0.697500674,0.553130162,19.87,73.16,M,aquatic,1/10/22,0,0,0,12017,8,0.873617694,1.209479796,0.403159932,3.351740611,4,7,0.000582508113505867,0,0,0,Low,0,
Tt.10E1,10_E1,2/19/20,Madonna,37.003992,-121.681136,Taricha_torosa,Tt,1.234734727,0.776234625,23.99,78.96,M,aquatic,1/9/22,0,0,0,9643,21,2.553425262,1.239234015,0.282136716,3.452967532,12,111,0.0115109405786581,1,2,0.000526,Low,0.0103702167375298,
Tt.10F1,10F1,2/19/20,Madonna,37.003992,-121.681136,Taricha_torosa,Tt,0.436645527,0.40867308,25.02,74.9,M,aquatic,1/10/22,0,0,0,12402,10,1.637173973,1.394988576,0.419933405,4.034928476,5,5,0.000403160780519271,1,1,0.000263,Low,0.00806321561038542,
Tt.10G1,10G1,2/19/20,Madonna,37.003992,-121.681136,Taricha_torosa,Tt,0.378948746,0.779169443,28.51,84.6,M,aquatic,1/10/22,0,0,0,10664,17,1.805267279,1.084176742,0.265244428,2.957004439,12,92,0.0086271567891973,0,0,0,Low,0,
Tt.10H1,10H1,2/19/20,Madonna,37.003992,-121.681136,Taricha_torosa,Tt,1.867874946,0.644371719,18.3,75.94,M,aquatic,1/10/22,0,0,0,12211,14,2.229665164,1.089567642,0.286174435,2.972988401,9,84,0.00687904348538203,1,13,0.003421053,Low,0.00818933748259766,
Tt.10H4,10H4,5/11/20,Cold_Creek,34.09232115,-118.6477477,Taricha_torosa,Tt,1.322443271,0.98551511,12.57,61.47,F,non-gravid,1/9/22,398.3964,2.6014,1,9851,58,7.389329728,2.395100837,0.408861148,10.96930412,12,2003,0.203329611206984,0,0,0,Low,0,
Tt.10I1,10I1,2/19/20,Madonna,37.003992,-121.681136,Taricha_torosa,Tt,0.33156451,0.386375339,20.02,74.69,F,gravid,1/9/22,0,0,0,12156,31,3.807874405,1.769316122,0.357134843,5.866839787,18,1065,0.0876110562685094,2,120,0.031578947,Low,0.0164527805199079,
Tt.10I4,10I4,5/11/20,Cold_Creek,34.09232115,-118.6477477,Taricha_torosa,Tt,1.085728784,1.045689086,17.04,70.46,M,terrestrial,1/9/22,563.2262,2.7515,1,10586,50,6.81725956,2.208602757,0.391328674,9.102988415,4,2220,0.209710938976006,0,0,0,High,0,
Tt.10J1,10J1,2/19/20,Madonna,37.003992,-121.681136,Taricha_torosa,Tt,0.443634576,0.645196695,22.22,74,M,aquatic,1/10/22,0,0,0,16,NA,NA,NA,NA,NA,NA,NA,NA,NA,NA,NA,Low,NA,
Tt.10J4,10J4,5/11/20,Cold_Creek,34.09232115,-118.6477477,Taricha_torosa,Tt,0.154988631,0.297878997,21.89,72.13,M,aquatic,1/9/22,23038.596,4.3625,1,12297,33,4.576732473,2.134022827,0.423048393,8.448786543,8,2568,0.208831422298121,0,0,0,Low,0,
Tt.10K1,10K1,2/19/20,Madonna,37.003992,-121.681136,Taricha_torosa,Tt,1.639088103,1.471545461,17.69,73.37,F,gravid,1/10/22,0,0,0,9923,42,4.097134792,2.429990776,0.450639416,11.35877731,19,1438,0.144915852060869,2,34,0.008947368,High,0.0201551950015116,
Tt.10K4,10K4,5/11/20,Cold_Creek,34.09232115,-118.6477477,Taricha_torosa,Tt,0.024301955,0.020791206,23.56,74.67,M,terrestrial,1/9/22,195.3811,2.2931,1,9801,97,9.450817616,1.902204775,0.288216651,6.700651597,25,3433,0.350270380573411,4,21,0.005526316,Low,0.0408121620242832,
Tt.10L1,10L1,2/19/20,Madonna,37.003992,-121.681136,Taricha_torosa,Tt,1.230113682,1.8287783,22.91,82.37,F,gravid,1/10/22,0,0,0,12380,15,2.380072146,1.556095657,0.398295171,4.7402774,10,17,0.00137318255250404,0,0,0,High,0,
Tt.10L4,10L4,5/11/20,Cold_Creek,34.09232115,-118.6477477,Taricha_torosa,Tt,0.124577824,0.148626854,18.12,72.01,M,terrestrial,1/9/22,287.1526,2.4596,1,3,NA,NA,NA,NA,NA,NA,NA,NA,NA,NA,NA,Low,NA,
Tt.10M1,10M1,2/19/20,Bolinger,37.812139,-122.044156,Taricha_torosa,Tt,0.108607589,0.156432215,13.78,71.47,M,aquatic,1/9/22,0,0,0,6473,84,7.810764734,3.897226821,0.609673545,49.26563706,20,175,0.0270353777228488,2,2,0.000526,Low,0.0308975745403986,
Tt.10M4,10M4,5/11/20,Cold_Creek,34.09232115,-118.6477477,Taricha_torosa,Tt,0.857241683,0.464483663,14.57,66.22,F,gravid,1/9/22,339.3025,2.5319,1,8998,55,4.546476421,2.213848131,0.382928626,9.150862444,21,3646,0.405201155812403,1,28,0.007368421,Low,0.0111135807957324,
Tt.10N1,10N1,2/20/20,Gunstock,37.836388,-122.54455,Taricha_torosa,Tt,0.009441557,0.005138848,8.58,56.37,M,aquatic,1/10/22,0,0,0,9416,57,6.59281945,2.877574727,0.493336017,17.77112104,21,839,0.0891036533559898,4,171,0.045,Low,0.0424808836023789,
Tt.10N4,10N4,5/11/20,Cold_Creek,34.09232115,-118.6477477,Taricha_torosa,Tt,0.385962096,0.150686589,19.32,70.13,M,terrestrial,1/9/22,2740.7167,3.438,1,13737,38,5.010896862,1.860215802,0.354466748,6.425123175,12,3112,0.226541457377885,0,0,0,Low,0,
Tt.10O1,10O1,2/20/20,Gunstock,37.836388,-122.54455,Taricha_torosa,Tt,0.052993898,0.031540967,14.11,66.82,M,aquatic,1/10/22,0,0,0,12674,17,3.016899386,0.356452575,0.087206316,1.428253795,5,138,0.0108884330124665,0,0,0,Low,0,
Tt.10O4,10O4,5/11/20,Cold_Creek,34.09232115,-118.6477477,Taricha_torosa,Tt,1.242157309,0.911101085,17.71,69.71,F,non-gravid,1/9/22,304.7576,2.4854,1,11118,27,3.828919036,1.515608729,0.318747547,4.552191334,11,1150,0.103435869760748,1,25,0.006578947,Low,0.00899442345745638,
Tt.10P1,10P1,2/20/20,Gunstock,37.836388,-122.54455,Taricha_torosa,Tt,0.005957403,0.003909595,11.13,58.74,M,aquatic,1/10/22,0,0,0,7852,95,8.835940798,3.573643482,0.543945513,35.64623326,19,3078,0.392002037697402,1,622,0.163684211,Low,0.0127356087620988,
Tt.10P4,10P4,5/11/20,Cold_Creek,34.09232115,-118.6477477,Taricha_torosa,Tt,0.073777302,0.062895111,13.02,67.19,M,aquatic,1/9/22,4370.7441,3.6407,1,10423,47,5.695418994,1.630515511,0.293543871,5.106506501,10,2194,0.2104960184208,2,7,0.001842105,Low,0.0191883334932361,
Tt.10Q1,10Q1,2/20/20,Gunstock,37.836388,-122.54455,Taricha_torosa,Tt,0.012000972,0.006157635,7.3,53.39,F,gravid,1/10/22,0,0,0,7832,125,12.01171833,3.703508869,0.531671484,40.58947795,22,542,0.0692032686414709,4,24,0.006315789,Low,0.0510725229826353,
Tt.10Q4,10Q4,5/11/20,Cold_Creek,34.09232115,-118.6477477,Taricha_torosa,Tt,0.17585915,0.167713996,19.8,73.33,M,terrestrial,1/9/22,10081.8871,4.0036,1,12658,45,6.300024307,2.190662667,0.398893166,8.94113615,7,1420,0.112182019276347,1,1,0.000263,Low,0.00790014220255965,
Tt.10R1,10R1,2/20/20,Gunstock,37.836388,-122.54455,Taricha_torosa,Tt,0.005260923,0.002524797,6.17,48.55,F,gravid,1/10/22,0,0,0,7,NA,NA,NA,NA,NA,NA,NA,NA,NA,NA,NA,Low,NA,
Tt.10R4,10R4,5/11/20,Cold_Creek,34.09232115,-118.6477477,Taricha_torosa,Tt,0.57056911,0.317096917,12.93,66.23,F,non-gravid,1/9/22,1476.4031,3.1695,1,10740,94,8.925886351,3.142100153,0.479374103,23.15243951,18,2201,0.204934823091248,3,34,0.008947368,Low,0.0279329608938547,
Tt.10S1,10S1,2/20/20,Gunstock,37.836388,-122.54455,Taricha_torosa,Tt,0.0089252,0.00278691,4.31,50.28,F,non-gravid,1/10/22,0,0,0,8929,53,6.818665218,2.261563381,0.394831492,9.598082902,7,118,0.0132153656624482,3,26,0.006842105,Low,0.0335983872774107,
Tt.10T1,10T1,2/20/20,Muir,37.862,-122.573239,Taricha_torosa,Tt,0.393167858,0.783089788,32.27,70.75,M,aquatic,1/9/22,563.8437,2.7519,1,3838,107,8.712306412,4.490563516,0.666110733,89.17168135,25,1699,0.442678478374153,5,235,0.061842105,Low,0.130276185513288,
Tt.10U1,10U1,2/20/20,Muir,37.862,-122.573239,Taricha_torosa,Tt,0.115884477,0.051258663,11.78,63.56,F,gravid,1/10/22,0,0,0,3990,135,11.03967941,4.993084864,0.705555316,147.3904023,25,2068,0.518295739348371,3,47,0.012368421,Low,0.075187969924812,
Tt.10V1,10V1,2/20/20,Muir,37.862,-122.573239,Taricha_torosa,Tt,0.520732414,0.459095405,24.37,70.19,M,aquatic,1/10/22,0,0,0,5659,103,8.373827135,3.561024177,0.532569191,35.19922894,30,662,0.1169817989044,2,17,0.004473684,Low,0.0353419332037462,
Tt.10W1,10W1,2/20/20,Muir,37.862,-122.573239,Taricha_torosa,Tt,0.416526987,0.417578971,21.83,65.67,M,aquatic,1/10/22,0,0,0,12444,44,4.120085323,2.330901895,0.426949554,10.28721534,25,1093,0.0878334940533591,0,0,0,Low,0,
Tt.10X1,10X1,2/20/20,Muir,37.862,-122.573239,Taricha_torosa,Tt,0.352955483,0.208501457,33.03,71.28,M,aquatic,1/10/22,242.9836,2.3874,1,11176,58,4.799639722,3.048274276,0.520362609,21.0789366,24,710,0.063528990694345,1,257,0.067631579,Low,0.00894774516821761,
Tt.10Y1,10Y1,2/20/20,Muir,37.862,-122.573239,Taricha_torosa,Tt,0.801312867,0.542642659,26.75,71.23,M,aquatic,1/9/22,45.7554,1.6698,1,11649,37,3.706408893,1.90555543,0.365787981,6.723140827,16,801,0.0687612670615504,1,4,0.001052632,Low,0.00858442784788394,
Tt.10Z1,10Z1,2/20/20,Muir,37.862,-122.573239,Taricha_torosa,Tt,0.143323254,0.038732246,2.49,81.2,M,aquatic,1/10/22,534.8218,2.729,1,0,NA,NA,NA,NA,NA,NA,NA,NA,NA,NA,NA,Low,NA,
WBC-01,Swab,05/18/21,WBC,45.673955516464,-122.219134954781,Taricha_granulosa,Tg,NA,0.063,18,79,M,,,0,0,0,14742,13,1.46557551888407,1.42695486381331,0.385617648847996,NA,14,21230,1.44010310676977,0,0,0,Low,0,NA
WBC-02,Swab,05/18/21,WBC,45.673955516464,-122.219134954781,Taricha_granulosa,Tg,NA,0.249,12,73.1,F,,,0,0,0,14247,25,2.44739726063824,3.05971591583599,0.658873959657311,NA,20,22855,1.60419737488594,1,6790,3.08636363636364,Low,0.0272405339144647,Parasite under skin where biopsied?
WBC-03,Swab,05/18/21,WBC,45.673955516464,-122.219134954781,Taricha_granulosa,Tg,NA,0.133,14,69.4,F,,,1470,3.16761267272753,1,19205,41,2.99208209402855,3.69400561742511,0.689495055622598,NA,29,28269,1.47196042697214,1,902,0.41,Low,0.0260281103591879,NA
WBC-04,Swab,05/18/21,WBC,45.673955516464,-122.219134954781,Taricha_granulosa,Tg,NA,0.071,14,72.1,F,,,393,2.59549622182557,1,24547,28,2.65266276257023,2.84338896354927,0.591466411290528,NA,23,34913,1.42229192976739,1,2086,0.948181818181818,Low,0.0121432908318154,NA
WBC-05,Swab,05/18/21,WBC,45.673955516464,-122.219134954781,Taricha_granulosa,Tg,NA,0.32,17,79.1,M,,,0,0,0,21101,23,2.19435777452463,2.56106625303201,0.566161418349265,NA,15,28286,1.34050518932752,2,4901,2.22772727272727,Low,0.0135446295543817,NA
WBC-06,Swab,05/18/22,WBC,46.673955516464,-121.219134954781,Taricha_granulosa,Tg,NA,0.175,11,66.2,F,,,401,2.60422605308447,1,1798,NA,NA,NA,NA,NA,NA,NA,NA,NA,NA,NA,Low,NA,
WBC-07,Swab,05/18/21,WBC,45.673955516464,-122.219134954781,Taricha_granulosa,Tg,NA,0.203,14,70.8,M,,,0,0,0,32895,30,1.6415965770509,3.45143547583112,0.703385455326846,NA,29,49778,1.51323909408725,1,10819,4.91772727272727,Low,0.00336870473303015,NA
WBC-08,Swab,05/18/21,WBC,45.673955516464,-122.219134954781,Taricha_granulosa,Tg,NA,0.131,13,71.3,M,,,906,2.95760728706009,1,11172,23,2.32830462293589,3.11947275884427,0.689605401483961,NA,22,17388,1.55639097744361,1,6499,2.95409090909091,Low,0.00930578820026056,Shedding skin
WBC-09,Swab,NA,WBC,45.673955516464,-122.219134954781,Taricha_granulosa,Tg,NA,0.411,16,81.3,F,,,1120,3.04960561259497,1,3842,108,8.61241263674162,5.39910759353196,0.799289046901628,NA,71,2925,0.761322228006247,1,1,0.000454545454545455,Low,0.0104351455702807,NA
WBC-10,Swab,05/18/21,WBC,45.673955516464,-122.219134954781,Taricha_granulosa,Tg,NA,0.412,20,89.6,M,,,639,2.80617997398389,1,12658,23,2.12255990137692,2.67478240537875,0.591300048802745,NA,22,22178,1.75209353768368,1,446,0.202727272727273,Low,0.0161681487469685,NA
WBC-11,Swab,05/19/21,WBC,45.673955516464,-122.219134954781,Taricha_granulosa,Tg,NA,0.492,21,89,M,,,0,0,0,29685,20,1.79726992377346,1.25555929263299,0.290509065645553,NA,19,40083,1.35027791814048,1,29919,13.5995454545455,Low,0.031675641431739,NA
WBC-12,Swab,05/19/21,WBC,45.673955516464,-122.219134954781,Taricha_granulosa,Tg,NA,0.478,15,73.2,F,,,653,2.81557774832427,1,31095,21,2.00504058238255,2.08448281578567,0.474574721074448,NA,21,46308,1.48924264351182,1,21395,9.725,Low,0.00938174312787316,NA
WBC-13,Swab,05/19/21,WBC,45.673955516464,-122.219134954781,Taricha_granulosa,Tg,NA,0.124,14,72.8,F,,,255,2.40823996531185,1,164401,39,3.05337415556676,3.8213712263399,0.723004809870932,NA,39,212718,1.29389723906789,2,24043,10.9286363636364,Low,0.0550357732526142,NA
WBC-14,Swab,05/19/21,WBC,45.673955516464,-122.219134954781,Taricha_granulosa,Tg,NA,0.255,14,75.9,F,,,793,2.8998205024271,1,26945,21,2.04868392400329,2.94891988459742,0.671381323513685,NA,20,36752,1.36396362961588,1,9987,4.53954545454545,Low,0.00735781031565006,NA
WBC-15,Swab,05/19/21,WBC,45.673955516464,-122.219134954781,Taricha_granulosa,Tg,NA,1.484,18,78.6,M,,,850,2.92992956008459,1,10830,23,2.7689621734537,2.70065250643837,0.597019015694527,NA,24,17088,1.57783933518006,1,3473,1.57863636363636,High,0.00727643163792476,NA
WBC-16,Swab,05/19/21,WBC,45.673955516464,-122.219134954781,Taricha_granulosa,Tg,NA,0.562,24,86.1,M,,,702,2.84695532501982,1,19952,35,2.75712594377819,3.59579753062384,0.701033169498516,NA,28,26427,1.32452886928629,1,5192,2.36,Low,0.0121713729308666,NA
WBC-17,Swab,05/19/21,WBC,45.673955516464,-122.219134954781,Taricha_granulosa,Tg,NA,0.165,17,80.3,M,,,0,0,0,35722,22,1.55711208753405,1.71214576409676,0.383938113758981,NA,17,48155,1.34804882145457,0,0,0,Low,0,NA
WBC-18,Swab,05/19/21,WBC,45.673955516464,-122.219134954781,Taricha_granulosa,Tg,NA,0.918,22,84.4,M,,,1020,3.00902574208691,1,24460,14,1.6837537671172,2.16506787607177,0.568654070974214,NA,16,32996,1.34897792313982,1,1763,0.801363636363636,Low,0.0210349179638199,NA
WBC-19,Swab,05/19/21,WBC,45.673955516464,-122.219134954781,Taricha_granulosa,Tg,NA,1.719,21,86.8,M,,,1130,3.05346260492546,1,9321,46,3.18918396711729,3.04029119239921,0.550422212439437,NA,32,13035,1.39845510138397,1,925,0.420454545454545,High,0.0211954217888936,NA
WBC-20,Swab,05/19/21,WBC,45.673955516464,-122.219134954781,Taricha_granulosa,Tg,NA,0.613,18,82.9,M,,,0,0,0,18604,31,2.95645326636441,3.3984857576375,0.685981245941406,NA,31,27107,1.45705224682864,2,4237,1.92590909090909,Low,0.00947822378086346,NA
WBC-21,Swab,05/19/21,WBC,45.673955516464,-122.219134954781,Taricha_granulosa,Tg,NA,0.345,20,80,M,,,0,0,0,9583,25,2.79389519529673,2.73248107113398,0.588407771358341,NA,20,13628,1.42210163831785,0,0,0,Low,0,NA
WBC-22,Swab,05/19/21,WBC,45.673955516464,-122.219134954781,Taricha_granulosa,Tg,NA,0.257,20,83.8,M,,,451,2.65513843481138,1,14378,27,2.43679783036964,2.43603775099895,0.512322899309512,NA,34,20973,1.45868688273752,1,7315,3.325,Low,0.0223164472216023,NA
WBC-23,Swab,05/19/21,WBC,45.673955516464,-122.219134954781,Taricha_granulosa,Tg,NA,0.274,19,80.1,F,,,0,0,0,13591,26,1.8356022616872,2.68251262441072,0.570693974450456,NA,20,20493,1.50783606798617,1,9616,4.37090909090909,Low,0.00520697734964853,NA
WBC-24,Swab,05/19/21,WBC,45.673955516464,-122.219134954781,Taricha_granulosa,Tg,NA,0.256,12,75.2,M,,,1320,3.12090281761453,1,16153,24,2.72904977165968,3.24896036523901,0.708612200149507,NA,19,25976,1.6081223302173,0,0,0,Low,0,NA
WBC-25,Swab,05/19/21,WBC,45.673955516464,-122.219134954781,Taricha_granulosa,Tg,NA,0.322,14,73.6,F,,,0,0,0,23241,19,1.8655322147356,2.570612204107,0.605145025655848,NA,18,31206,1.34271330837744,1,7954,3.61545454545455,Low,0.0161238310222509,NA
